phrase,frame,silent,amp,stopbit,pitch,k1,k2,k3,k4,k5,k6,k7,k8,k9,k10
0,0,0,5,0,27,96,14,4,4,2,4,3,3,2,7
0,1,0,33,0,25,78,14,5,4,5,2,2,2,2,5
0,2,0,46,0,25,70,13,5,4,6,2,2,2,2,5
0,3,0,50,0,22,66,12,4,6,6,2,2,1,2,4
0,4,0,54,0,20,65,19,2,5,5,2,3,2,1,2
0,5,0,57,0,20,55,21,2,4,4,2,5,1,0,4
0,6,0,57,0,22,48,23,1,3,4,2,5,2,0,3
0,7,0,59,0,23,41,23,2,4,4,2,5,1,0,4
0,8,0,57,0,25,57,19,2,4,4,3,4,1,2,7
0,9,0,53,0,45,66,22,3,5,4,4,4,2,2,6
0,10,0,51,0,45,63,20,3,6,5,5,4,3,1,5
0,11,0,46,0,30,50,24,3,5,5,5,5,4,0,6
0,12,0,41,0,32,45,23,3,3,5,4,4,3,2,6
0,13,0,33,0,32,44,23,3,4,3,4,5,2,1,7
0,14,0,26,0,21,50,20,3,4,4,6,4,2,0,7
0,15,0,19,0,31,56,20,3,5,5,5,5,2,1,5
0,16,0,12,0,37,58,22,3,5,4,4,3,3,0,5
0,17,0,10,0,37,54,20,3,6,4,5,4,3,0,6
0,18,0,19,0,35,59,22,3,5,3,4,3,3,1,5
0,19,0,29,0,30,43,20,2,4,3,4,5,5,1,4
0,20,0,48,0,27,83,21,3,7,4,3,3,2,2,7
0,21,0,56,0,24,58,18,3,5,5,4,4,1,2,6
0,22,0,54,0,21,53,20,3,4,4,3,5,1,0,5
0,23,0,56,0,20,54,22,2,3,3,2,4,1,1,5
0,24,0,59,0,21,49,21,3,4,3,3,4,1,1,5
0,25,0,46,0,23,66,16,3,6,4,5,4,2,4,7
0,26,0,42,0,26,66,20,4,6,4,4,4,3,5,7
0,27,0,42,0,37,48,22,4,6,3,6,5,3,2,5
0,28,0,32,0,26,47,17,4,6,3,5,4,3,3,7
0,29,0,20,0,31,54,17,2,6,3,7,3,3,3,7
0,30,0,8,0,33,77,20,4,7,3,5,2,2,2,6
0,31,1,0,0,0,0,0,0,0,0,0,0,0,0,0
0,32,1,0,0,0,0,0,0,0,0,0,0,0,0,0
0,33,1,0,0,0,0,0,0,0,0,0,0,0,0,0
0,34,0,6,0,21,57,20,3,4,1,5,4,3,2,6
0,35,0,38,0,20,60,13,5,3,5,3,3,0,1,6
0,36,0,50,0,35,53,15,4,3,5,4,4,1,0,4
0,37,0,52,0,30,51,15,4,2,4,4,4,0,0,6
0,38,0,55,0,26,49,14,3,3,4,4,4,2,0,4
0,39,0,51,0,26,49,14,4,2,4,4,4,1,0,6
0,40,0,52,0,28,50,16,4,3,3,4,4,0,2,6
0,41,0,40,0,31,70,21,5,5,2,6,4,3,2,7
0,42,0,37,0,39,55,22,4,6,4,5,5,3,0,7
0,43,0,33,0,39,44,21,3,5,4,5,6,3,2,6
0,44,0,22,0,33,47,18,5,4,2,5,4,3,3,5
0,45,0,13,0,33,62,16,6,6,4,5,2,3,4,5
0,46,0,5,0,37,59,19,5,5,3,5,2,2,4,7
0,47,1,0,0,0,0,0,0,0,0,0,0,0,0,0
0,48,1,0,0,0,0,0,0,0,0,0,0,0,0,0
0,49,1,0,0,0,0,0,0,0,0,0,0,0,0,0
0,50,1,0,0,0,0,0,0,0,0,0,0,0,0,0
0,51,0,2,0,0,72,16,6,4,4,5,1,3,3,6
0,52,0,23,0,38,57,12,6,3,6,4,1,3,2,6
0,53,0,37,0,38,51,14,6,2,7,3,2,2,1,6
0,54,0,47,0,38,48,13,5,2,6,5,0,2,1,4
0,55,0,47,0,35,47,14,6,2,6,5,1,2,0,3
0,56,0,46,0,32,46,17,6,1,5,4,1,1,1,5
0,57,0,47,0,33,45,16,6,1,5,3,2,1,1,5
0,58,0,51,0,35,44,13,5,2,5,6,3,2,2,4
0,59,0,36,0,39,62,20,4,5,3,6,4,3,4,7
0,60,0,37,0,44,51,20,4,7,4,6,5,2,1,7
0,61,0,38,0,45,38,19,5,6,3,5,5,4,2,6
0,62,0,31,0,45,46,18,4,4,2,6,5,3,3,7
0,63,0,15,0,45,54,16,6,3,4,7,1,2,3,5
0,64,0,6,0,45,57,18,5,5,4,5,1,2,4,6
0,65,1,0,0,0,0,0,0,0,0,0,0,0,0,0
0,66,1,0,0,0,0,0,0,0,0,0,0,0,0,0
0,67,1,0,0,0,0,0,0,0,0,0,0,0,0,0
0,68,1,0,0,0,0,0,0,0,0,0,0,0,0,0
0,69,1,0,0,0,0,0,0,0,0,0,0,0,0,0
0,70,0,1,0,0,77,19,3,3,2,5,3,3,2,5
0,71,0,1,0,0,78,21,1,4,3,6,5,6,4,5
0,72,0,29,0,42,58,13,6,4,5,3,2,2,1,7
0,73,0,38,0,42,51,15,5,3,6,3,3,1,2,6
0,74,0,43,0,42,52,14,6,2,6,3,3,2,0,7
0,75,0,48,0,40,46,14,5,2,6,5,2,2,0,5
0,76,0,47,0,39,44,14,6,2,6,4,3,2,0,5
0,77,0,48,0,40,42,15,6,2,6,4,3,3,0,5
0,78,0,48,0,41,45,13,6,2,6,5,2,2,1,5
0,79,0,34,0,48,62,17,6,4,4,6,2,2,5,7
0,80,0,33,0,46,66,21,7,4,4,7,2,1,4,6
0,81,0,34,0,47,63,19,6,5,4,7,3,2,3,6
0,82,0,26,0,48,53,18,6,4,4,6,3,2,4,6
0,83,0,13,0,49,73,19,6,5,4,6,2,3,5,6
0,84,0,7,0,50,64,20,5,5,2,5,3,4,3,5
0,85,1,0,0,0,0,0,0,0,0,0,0,0,0,0
0,86,1,0,0,0,0,0,0,0,0,0,0,0,0,0
0,87,1,0,0,0,0,0,0,0,0,0,0,0,0,0
0,88,1,0,0,0,0,0,0,0,0,0,0,0,0,0
0,89,1,0,0,0,0,0,0,0,0,0,0,0,0,0
0,90,0,3,0,0,68,17,5,5,3,3,2,3,1,6
0,91,0,3,0,0,79,15,4,4,2,4,2,4,4,7
0,92,0,41,0,44,60,17,5,4,5,2,4,0,3,6
0,93,0,38,0,42,66,16,5,4,4,1,4,0,5,7
0,94,0,42,0,42,64,17,5,4,5,2,4,0,5,6
0,95,0,45,0,41,56,18,5,4,5,2,4,0,3,6
0,96,0,45,0,41,53,18,4,4,5,2,5,0,3,6
0,97,0,46,0,41,54,18,4,4,5,2,5,0,4,5
0,98,0,49,0,42,51,16,5,3,5,4,3,0,2,7
0,99,0,39,0,44,62,16,6,4,5,4,2,1,4,7
0,100,0,28,0,43,78,19,5,4,2,7,2,2,6,7
0,101,0,29,0,45,64,19,6,6,3,7,0,3,4,7
0,102,0,20,0,45,72,18,5,5,2,7,2,5,4,7
0,103,0,13,0,47,73,17,6,7,3,6,3,3,4,7
0,104,1,0,0,0,0,0,0,0,0,0,0,0,0,0
0,105,1,0,0,0,0,0,0,0,0,0,0,0,0,0
0,106,1,0,0,0,0,0,0,0,0,0,0,0,0,0
0,107,1,0,0,0,0,0,0,0,0,0,0,0,0,0
0,108,1,0,0,0,0,0,0,0,0,0,0,0,0,0
0,109,1,0,0,0,0,0,0,0,0,0,0,0,0,0
0,110,0,1,0,0,76,16,6,6,3,5,2,1,4,7
0,111,0,32,0,46,67,13,6,4,4,3,1,1,5,7
0,112,0,40,0,44,63,16,6,3,5,4,2,0,2,6
0,113,0,42,0,44,62,13,6,3,5,4,1,0,5,7
0,114,0,44,0,44,64,16,6,3,5,4,2,0,4,7
0,115,0,45,0,45,65,15,5,3,4,4,2,0,4,7
0,116,0,41,0,46,62,13,6,3,5,6,1,1,7,5
0,117,0,30,0,45,69,17,6,7,3,6,4,1,5,7
0,118,0,30,0,45,70,19,5,7,3,7,4,2,2,7
0,119,0,23,0,46,55,15,5,6,4,7,4,2,4,7
0,120,0,10,0,45,70,17,6,6,4,7,2,1,4,7
0,121,0,4,0,45,75,17,4,6,3,5,2,3,3,7
0,122,1,0,0,0,0,0,0,0,0,0,0,0,0,0
0,123,1,0,0,0,0,0,0,0,0,0,0,0,0,0
0,124,1,0,0,0,0,0,0,0,0,0,0,0,0,0
0,125,1,0,0,0,0,0,0,0,0,0,0,0,0,0
0,126,1,0,0,0,0,0,0,0,0,0,0,0,0,0
0,127,0,2,0,0,84,12,6,4,3,5,1,2,6,7
0,128,1,0,0,0,0,0,0,0,0,0,0,0,0,0
0,129,0,37,0,49,63,13,5,4,4,5,3,0,3,5
0,130,0,38,0,50,62,12,5,4,4,5,3,0,3,5
0,131,0,38,0,50,67,12,5,4,4,4,2,0,4,6
0,132,0,40,0,51,66,13,5,4,4,4,2,0,4,5
0,133,0,41,0,52,66,12,6,4,5,4,2,1,4,6
0,134,0,43,0,52,61,14,4,5,4,5,4,0,5,6
0,135,0,28,0,52,74,14,6,6,3,5,3,0,7,7
0,136,0,16,0,52,87,15,6,5,3,6,2,3,5,7
0,137,0,8,0,52,94,17,6,7,3,5,3,3,3,7
0,138,0,5,0,52,83,16,5,7,2,5,2,5,4,7
0,139,1,0,0,0,0,0,0,0,0,0,0,0,0,0
0,140,1,0,0,0,0,0,0,0,0,0,0,0,0,0
0,141,1,0,0,0,0,0,0,0,0,0,0,0,0,0
0,142,1,0,0,0,0,0,0,0,0,0,0,0,0,0
0,143,1,0,0,0,0,0,0,0,0,0,0,0,0,0
0,144,1,0,0,0,0,0,0,0,0,0,0,0,0,0
0,145,0,1,0,0,88,19,4,6,3,5,2,2,2,6
0,146,0,8,0,57,92,14,4,4,3,5,4,1,4,7
0,147,0,29,0,56,62,14,5,4,5,4,4,0,3,5
0,148,0,36,0,55,64,13,5,3,5,4,3,0,3,6
0,149,0,36,0,54,66,13,6,4,5,4,3,0,4,7
0,150,0,33,0,52,69,14,6,4,5,5,2,0,6,7
0,151,0,23,0,52,82,18,6,4,4,7,1,2,4,7
0,152,0,19,0,54,70,16,7,5,4,6,2,2,6,7
0,153,0,15,0,53,58,17,7,4,5,7,1,2,2,6
0,154,0,8,0,54,59,16,5,5,3,7,0,2,4,7
0,155,1,0,0,0,0,0,0,0,0,0,0,0,0,0
0,156,1,0,0,0,0,0,0,0,0,0,0,0,0,0
0,157,1,0,0,0,0,0,0,0,0,0,0,0,0,0
0,158,1,0,0,0,0,0,0,0,0,0,0,0,0,0
0,159,1,0,0,0,0,0,0,0,0,0,0,0,0,0
0,160,1,0,0,0,0,0,0,0,0,0,0,0,0,0
0,161,1,0,0,0,0,0,0,0,0,0,0,0,0,0
0,162,1,0,0,0,0,0,0,0,0,0,0,0,0,0
0,163,0,17,0,59,68,13,6,3,5,5,0,3,3,6
0,164,0,22,0,58,64,14,6,3,5,5,2,1,2,6
0,165,0,33,0,59,61,14,6,3,6,4,3,0,2,7
0,166,0,23,0,60,70,15,7,3,6,5,0,1,5,7
0,167,0,12,0,60,80,17,6,4,3,7,0,4,5,7
0,168,0,8,0,60,71,16,7,5,4,7,0,3,5,7
1,0,0,24,0,44,41,24,3,7,3,4,3,2,0,5
1,1,0,46,0,45,74,17,1,6,5,4,1,2,7,6
1,2,0,54,0,45,69,14,2,7,4,3,0,4,7,5
1,3,0,53,0,46,65,11,3,7,4,3,1,5,6,5
1,4,0,51,0,47,64,12,2,7,6,2,2,6,6,4
1,5,0,54,0,46,58,19,0,5,7,4,0,4,7,4
1,6,0,50,0,46,63,17,1,6,7,3,0,5,6,3
1,7,0,49,0,46,66,15,2,7,6,2,1,6,5,3
1,8,0,48,0,46,64,17,1,7,7,2,1,6,5,3
1,9,0,48,0,46,64,16,2,7,7,2,1,6,5,2
1,10,0,49,0,46,61,20,1,7,7,2,1,6,5,2
1,11,0,48,0,46,66,19,3,7,6,2,1,6,5,2
1,12,0,46,0,46,76,20,4,7,4,2,2,6,2,3
1,13,0,42,0,46,89,23,3,6,4,2,1,5,3,4
1,14,0,35,0,45,113,18,4,3,2,2,2,5,2,7
1,15,0,38,0,45,111,20,3,3,3,2,2,5,2,7
1,16,0,34,0,44,114,19,3,2,3,2,2,6,2,7
1,17,0,33,0,44,115,19,3,2,3,2,3,6,2,7
1,18,0,25,0,44,119,17,3,3,3,1,4,6,2,7
1,19,0,20,0,46,122,21,3,2,3,2,3,6,2,7
1,20,0,11,0,45,125,19,2,2,3,2,3,6,2,7
1,21,0,7,0,47,123,19,4,3,3,3,3,4,1,6
1,22,0,5,0,47,120,20,3,5,2,3,0,4,2,7
1,23,0,4,0,47,113,23,2,5,2,5,1,3,3,4
1,24,0,4,0,41,85,25,5,5,1,6,2,2,3,2
1,25,0,11,0,41,121,8,3,6,2,5,2,3,5,5
1,26,0,23,0,46,118,11,5,4,2,4,1,2,4,5
1,27,0,32,0,46,109,18,2,5,3,4,2,3,2,6
1,28,0,37,0,46,97,11,2,7,4,2,1,4,6,7
1,29,0,37,0,46,97,7,4,7,2,1,3,6,6,4
1,30,0,40,0,47,93,8,5,7,3,2,1,4,6,6
1,31,0,42,0,47,92,10,5,6,3,2,1,5,6,6
1,32,0,45,0,47,83,12,4,6,4,2,1,2,7,6
1,33,0,50,0,47,78,15,5,5,3,4,0,3,7,5
1,34,0,52,0,47,74,19,4,4,2,4,1,2,7,7
1,35,0,53,0,47,72,23,5,4,1,4,2,3,6,7
1,36,0,51,0,47,76,22,5,3,0,4,3,4,6,4
1,37,0,49,0,47,87,20,3,3,0,5,4,5,5,4
1,38,0,47,0,46,86,21,2,5,0,5,5,4,4,5
1,39,0,50,0,46,76,19,4,4,0,6,3,5,6,4
1,40,0,52,0,47,71,18,4,5,1,6,1,5,7,3
1,41,0,51,0,47,65,15,6,4,2,4,1,6,7,3
1,42,0,52,0,47,64,13,5,5,2,4,0,7,6,2
1,43,0,52,0,47,63,12,5,6,1,3,2,6,7,3
1,44,0,54,0,47,61,13,4,6,3,3,1,4,7,5
1,45,0,54,0,47,62,13,4,6,2,3,1,5,7,5
1,46,0,51,0,47,64,11,5,5,2,4,0,6,6,3
1,47,0,51,0,47,65,11,5,6,1,3,3,6,5,4
1,48,0,48,0,47,65,10,6,5,0,5,2,7,5,2
1,49,0,51,0,46,68,13,4,6,1,4,2,6,6,4
1,50,0,50,0,46,66,14,5,5,2,3,2,6,6,3
1,51,0,50,0,46,70,18,3,6,1,3,4,5,4,5
1,52,0,47,0,46,83,18,2,6,1,4,5,5,3,5
1,53,0,39,0,47,99,17,4,4,0,4,4,4,4,5
1,54,0,19,0,46,121,9,4,4,2,6,3,3,0,4
1,55,0,14,0,46,122,8,4,4,2,6,4,3,0,3
1,56,0,10,0,46,125,12,1,5,4,5,3,4,1,4
1,57,0,15,0,45,101,30,4,2,3,3,2,4,1,4
1,58,0,13,0,0,0,21,7,5,3,6,2,4,3,4
1,59,0,15,0,0,0,11,3,6,4,6,3,4,3,5
1,60,0,9,0,0,0,17,4,5,5,7,3,3,0,5
1,61,0,3,0,0,5,22,4,6,6,6,2,1,3,7
2,0,0,8,0,36,92,29,1,4,2,5,0,2,5,7
2,1,0,35,0,48,91,23,2,5,3,4,0,1,6,7
2,2,0,46,0,47,74,25,2,5,3,4,0,1,6,7
2,3,0,57,0,47,65,22,2,5,2,3,0,3,6,7
2,4,0,55,0,47,60,22,3,5,2,4,0,4,6,7
2,5,0,53,0,46,62,19,4,5,2,3,0,6,6,5
2,6,0,53,0,45,62,20,4,5,2,2,1,4,6,5
2,7,0,55,0,46,59,24,3,5,3,3,0,4,6,6
2,8,0,44,0,46,82,23,3,5,2,3,0,5,6,5
2,9,0,18,0,48,104,20,4,4,3,3,2,7,4,2
2,10,0,8,0,47,90,21,4,4,3,4,2,7,6,3
2,11,0,7,0,46,79,24,2,4,2,5,2,5,4,5
2,12,0,4,0,0,33,31,1,5,4,6,1,4,1,3
2,13,0,3,0,0,0,31,3,5,4,5,2,3,3,2
2,14,0,6,0,0,0,29,5,6,4,5,3,4,2,7
2,15,0,5,0,0,0,30,4,7,2,7,2,2,5,6
2,16,0,1,0,0,70,29,1,4,1,6,0,4,6,6
2,17,1,0,0,0,0,0,0,0,0,0,0,0,0,0
2,18,1,0,0,0,0,0,0,0,0,0,0,0,0,0
2,19,1,0,0,0,0,0,0,0,0,0,0,0,0,0
2,20,1,0,0,0,0,0,0,0,0,0,0,0,0,0
2,21,1,0,0,0,0,0,0,0,0,0,0,0,0,0
2,22,1,0,0,0,0,0,0,0,0,0,0,0,0,0
2,23,0,15,0,42,30,30,1,5,3,4,1,3,2,5
2,24,0,47,0,42,51,25,1,6,4,3,1,2,3,7
2,25,0,53,0,47,58,24,1,6,3,3,0,4,4,6
2,26,0,57,0,47,52,27,2,5,3,4,0,3,4,6
2,27,0,41,0,49,76,27,2,4,2,4,2,5,7,6
2,28,0,25,0,50,109,22,2,5,2,4,2,5,5,4
2,29,0,10,0,50,94,25,3,6,2,3,0,5,7,5
2,30,0,4,0,51,93,23,2,5,3,5,2,5,5,3
2,31,0,15,0,0,9,28,3,4,3,5,2,5,1,2
2,32,0,8,0,0,32,31,3,7,2,5,1,5,4,3
2,33,0,47,0,43,76,20,4,5,0,7,2,5,2,6
2,34,0,62,0,45,48,23,4,4,2,3,2,4,4,7
2,35,0,60,0,46,43,21,4,4,3,3,2,3,5,7
2,36,0,56,0,46,49,19,4,4,3,3,3,3,6,7
2,37,0,56,0,46,48,19,4,3,3,4,2,2,6,7
2,38,0,56,0,46,47,19,4,3,3,4,2,2,6,7
2,39,0,56,0,46,45,18,5,3,4,4,1,2,6,6
2,40,0,55,0,46,46,18,5,3,4,4,1,3,7,5
2,41,0,55,0,46,46,18,5,3,4,4,1,3,7,5
2,42,0,56,0,46,42,19,5,4,2,5,1,2,6,6
2,43,0,56,0,46,37,20,5,6,2,5,2,2,5,6
2,44,0,43,0,48,48,22,6,5,1,6,1,3,7,6
2,45,0,20,0,47,76,22,5,5,2,6,3,5,6,4
2,46,0,10,0,47,62,20,6,5,1,6,2,6,7,6
2,47,1,0,0,0,0,0,0,0,0,0,0,0,0,0
2,48,1,0,0,0,0,0,0,0,0,0,0,0,0,0
2,49,1,0,0,0,0,0,0,0,0,0,0,0,0,0
2,50,0,4,0,0,32,18,2,6,3,4,2,4,1,4
2,51,0,2,0,0,77,22,5,2,2,6,1,4,2,3
2,52,0,1,0,0,78,24,3,7,1,6,2,6,2,5
3,0,0,2,0,0,42,31,3,7,4,4,2,3,0,1
3,1,0,8,0,0,0,29,6,5,4,5,3,5,2,5
3,2,0,7,0,0,0,24,6,6,4,6,3,5,4,5
3,3,0,14,0,0,0,27,6,5,4,7,2,5,3,4
3,4,0,17,0,0,0,24,4,4,4,6,2,4,4,6
3,5,0,11,0,0,0,27,4,6,3,7,2,4,4,5
3,6,0,11,0,0,0,21,5,7,2,6,4,4,3,6
3,7,0,4,0,0,0,24,6,7,3,6,0,2,3,5
3,8,0,1,0,0,50,31,3,3,2,5,1,4,2,4
3,9,0,27,0,0,0,20,3,4,3,6,2,5,5,5
3,10,0,59,0,37,42,28,4,5,2,2,1,2,5,6
3,11,0,62,0,45,42,27,5,5,2,1,1,3,6,7
3,12,0,62,0,46,34,24,5,7,2,2,0,2,5,7
3,13,0,62,0,45,38,23,6,6,1,2,1,2,6,7
3,14,0,55,0,46,48,23,7,5,0,3,1,3,7,7
3,15,0,35,0,48,79,24,6,2,0,5,2,6,7,4
3,16,0,19,0,50,76,25,7,3,0,4,2,5,6,5
3,17,0,8,0,52,71,24,7,3,0,4,4,5,6,5
3,18,0,5,0,50,98,24,5,3,1,5,4,6,4,4
3,19,1,0,0,0,0,0,0,0,0,0,0,0,0,0
3,20,1,0,0,0,0,0,0,0,0,0,0,0,0,0
3,21,1,0,0,0,0,0,0,0,0,0,0,0,0,0
3,22,1,0,0,0,0,0,0,0,0,0,0,0,0,0
3,23,1,0,0,0,0,0,0,0,0,0,0,0,0,0
3,24,0,2,0,0,40,30,1,5,6,5,1,4,1,4
3,25,0,3,0,0,0,31,6,5,5,7,1,2,2,3
3,26,0,2,0,0,0,31,6,6,5,5,0,4,3,3
3,27,0,3,0,0,0,31,5,6,5,7,0,3,2,4
3,28,0,5,0,0,0,29,5,5,6,7,0,4,2,4
3,29,0,5,0,0,0,31,4,7,5,7,2,1,3,5
3,30,0,29,0,47,61,29,2,6,2,4,1,3,3,6
3,31,0,52,0,45,73,25,2,5,3,4,1,3,5,7
3,32,0,55,0,45,59,26,2,6,4,4,1,2,5,7
3,33,0,57,0,45,57,25,2,6,5,3,1,3,5,6
3,34,0,56,0,46,54,24,1,7,6,3,1,3,4,5
3,35,0,58,0,46,52,25,1,6,6,3,1,3,3,5
3,36,0,57,0,46,53,25,1,6,6,3,2,3,3,4
3,37,0,57,0,46,55,25,1,6,6,3,2,3,2,4
3,38,0,56,0,46,57,25,1,6,6,3,2,3,2,4
3,39,0,56,0,46,55,26,1,5,6,3,2,3,1,4
3,40,0,55,0,46,58,27,2,5,6,3,3,3,1,4
3,41,0,53,0,46,61,27,2,5,6,3,3,3,1,4
3,42,0,53,0,47,64,26,2,5,5,3,3,3,0,4
3,43,0,50,0,46,70,25,2,6,5,3,3,3,0,5
3,44,0,48,0,46,74,24,3,5,5,3,3,3,0,5
3,45,0,45,0,46,82,24,4,4,5,3,2,4,0,4
3,46,0,38,0,46,97,23,4,3,4,2,2,4,0,5
3,47,0,37,0,46,104,22,4,3,3,2,3,4,1,7
3,48,0,33,0,46,105,21,3,3,4,1,3,4,1,7
3,49,0,27,0,46,116,18,3,3,3,2,3,6,1,7
3,50,0,20,0,46,121,16,1,4,2,5,2,7,1,7
3,51,0,15,0,44,123,20,2,3,2,2,2,7,1,7
3,52,0,12,0,44,123,19,3,3,1,3,1,5,1,7
3,53,0,8,0,44,120,22,4,3,2,2,1,3,1,7
3,54,0,5,0,43,99,27,3,2,5,2,1,5,0,6
4,0,0,2,0,0,28,31,2,6,5,3,3,3,0,4
4,1,0,4,0,0,0,31,4,5,4,6,2,6,1,3
4,2,0,6,0,0,0,24,6,6,4,6,4,4,3,6
4,3,0,7,0,0,0,25,5,6,4,5,4,4,3,7
4,4,0,8,0,0,0,23,4,7,2,6,4,4,3,5
4,5,0,10,0,0,0,18,4,6,3,6,2,4,2,5
4,6,0,6,0,0,0,14,2,7,5,7,4,3,0,5
4,7,0,5,0,0,0,16,2,6,6,7,3,4,3,3
4,8,0,17,0,0,15,17,4,6,3,3,2,6,1,4
4,9,0,42,0,40,38,25,5,5,4,5,2,4,0,5
4,10,0,57,0,43,62,21,3,5,6,0,2,3,3,5
4,11,0,62,0,44,51,21,2,5,6,2,3,2,2,6
4,12,0,62,0,44,54,20,2,5,4,3,3,0,3,7
4,13,0,62,0,44,50,19,2,5,3,4,2,0,3,7
4,14,0,62,0,45,45,20,3,4,3,3,2,1,3,7
4,15,0,61,0,45,41,22,4,4,3,2,2,2,3,7
4,16,0,54,0,46,54,22,5,3,2,2,3,3,5,6
4,17,0,57,0,46,49,23,5,4,2,1,2,4,6,5
4,18,0,56,0,46,46,23,6,5,2,2,1,3,5,6
4,19,0,36,0,23,85,21,4,3,2,3,3,4,6,6
4,20,0,24,0,54,112,19,4,2,3,5,4,5,2,2
4,21,0,14,0,52,103,23,5,2,2,4,3,6,5,3
4,22,0,7,0,50,95,21,4,3,1,4,3,6,5,4
4,23,0,4,0,50,93,20,3,3,2,4,3,6,4,4
4,24,1,0,0,0,0,0,0,0,0,0,0,0,0,0
4,25,1,0,0,0,0,0,0,0,0,0,0,0,0,0
4,26,1,0,0,0,0,0,0,0,0,0,0,0,0,0
4,27,1,0,0,0,0,0,0,0,0,0,0,0,0,0
4,28,1,0,0,0,0,0,0,0,0,0,0,0,0,0
4,29,0,5,0,0,0,29,6,5,2,5,1,2,2,3
4,30,0,5,0,0,0,31,7,4,3,4,1,2,2,4
4,31,0,27,0,38,60,31,0,2,2,4,3,5,4,7
4,32,0,30,0,45,72,31,0,2,3,6,3,5,2,5
4,33,0,32,0,46,98,26,0,6,1,4,2,6,5,4
4,34,0,44,0,46,84,24,3,4,2,3,0,5,5,5
4,35,0,52,0,45,64,26,3,4,3,4,1,3,5,6
4,36,0,54,0,46,59,25,2,5,4,4,1,3,5,6
4,37,0,53,0,46,60,23,2,6,5,3,1,3,5,6
4,38,0,53,0,47,60,23,2,7,5,3,1,4,4,5
4,39,0,50,0,46,65,22,2,6,6,3,1,4,4,4
4,40,0,49,0,47,64,22,1,7,6,3,2,3,3,4
4,41,0,47,0,47,68,21,2,7,6,3,2,3,2,4
4,42,0,44,0,47,75,20,2,7,5,2,3,3,2,5
4,43,0,42,0,47,79,21,2,7,5,2,3,3,2,5
4,44,0,41,0,47,81,22,2,7,5,2,3,2,2,6
4,45,0,39,0,47,87,21,2,7,4,2,3,2,2,6
4,46,0,38,0,47,90,22,2,6,4,2,3,2,2,6
4,47,0,37,0,46,94,23,2,5,4,2,3,3,2,6
4,48,0,34,0,46,99,22,2,5,3,2,3,3,2,6
4,49,0,32,0,46,105,20,3,5,2,3,3,3,2,7
4,50,0,25,0,46,114,17,3,3,2,3,3,4,3,7
4,51,0,19,0,46,118,14,3,2,3,3,4,4,3,7
4,52,0,15,0,45,121,12,2,3,5,4,4,6,1,7
4,53,0,13,0,45,122,13,1,3,4,6,3,7,1,5
4,54,0,10,0,45,123,17,1,1,5,4,4,7,1,5
4,55,0,9,0,44,124,19,1,1,4,4,3,7,1,6
4,56,0,7,0,44,125,17,3,2,1,3,2,6,4,7
4,57,0,5,0,44,122,23,3,3,2,2,0,5,1,6
5,0,0,6,0,0,26,28,4,4,4,6,3,3,0,2
5,1,0,8,0,0,23,29,5,3,4,4,2,3,3,5
5,2,0,7,0,0,42,29,4,6,3,4,1,3,2,7
5,3,0,57,0,45,71,28,3,4,2,3,1,2,4,6
5,4,0,60,0,45,59,29,4,5,2,3,1,2,4,7
5,5,0,62,0,46,57,28,4,4,1,2,1,4,5,5
5,6,0,62,0,46,40,26,6,6,2,1,0,4,6,6
5,7,0,62,0,46,36,27,6,7,2,1,0,4,6,6
5,8,0,60,0,46,43,28,6,6,1,0,1,4,6,5
5,9,0,57,0,45,53,28,6,5,0,0,2,5,6,5
5,10,0,54,0,45,81,26,4,3,0,3,5,6,4,3
5,11,0,48,0,46,93,25,2,2,0,4,5,7,3,3
5,12,0,39,0,47,88,28,3,4,0,3,3,7,3,3
5,13,0,13,0,51,123,19,1,2,0,7,5,6,2,3
5,14,0,7,0,49,115,24,2,3,1,6,3,5,2,5
5,15,0,5,0,49,86,29,3,4,0,4,3,4,2,4
5,16,0,3,0,0,12,30,5,7,4,5,2,4,2,2
5,17,0,8,0,0,11,30,2,6,3,5,2,5,0,2
5,18,0,8,0,0,0,27,7,6,4,6,2,5,2,6
5,19,0,7,0,0,0,29,5,5,5,7,3,4,2,2
5,20,0,5,0,0,0,30,4,6,5,5,2,6,3,3
5,21,0,5,0,0,0,29,5,5,5,7,2,5,3,4
5,22,0,5,0,0,0,31,5,5,5,6,2,5,2,2
5,23,0,8,0,0,0,28,5,5,5,7,2,6,3,2
5,24,0,7,0,0,0,31,6,6,5,6,1,3,4,4
5,25,0,8,0,0,0,31,5,5,4,4,2,3,1,2
5,26,0,47,0,47,75,29,1,4,1,4,0,4,4,7
5,27,0,57,0,47,79,22,3,3,2,3,1,3,6,6
5,28,0,58,0,47,72,20,4,4,3,4,0,4,6,6
5,29,0,57,0,46,72,16,5,4,3,3,0,6,5,5
5,30,0,57,0,47,68,14,5,6,2,4,1,6,5,4
5,31,0,55,0,47,67,13,6,7,1,4,3,5,5,4
5,32,0,54,0,47,69,12,6,6,2,4,2,5,4,5
5,33,0,53,0,47,70,13,6,7,2,3,2,4,5,5
5,34,0,50,0,47,72,12,6,7,2,3,3,3,5,4
5,35,0,51,0,47,75,14,5,7,3,3,3,2,4,5
5,36,0,49,0,47,78,14,5,7,2,3,3,2,4,6
5,37,0,49,0,47,79,17,3,7,4,2,3,2,3,6
5,38,0,46,0,47,85,17,3,7,4,2,3,2,3,6
5,39,0,44,0,47,89,18,3,7,4,2,3,2,2,6
5,40,0,40,0,47,99,18,2,7,3,3,3,1,3,7
5,41,0,37,0,46,105,16,3,6,3,4,3,1,4,6
5,42,0,38,0,46,106,19,2,5,3,4,3,1,2,7
5,43,0,37,0,46,107,20,2,4,4,3,3,3,1,7
5,44,0,34,0,46,110,20,2,3,4,3,2,4,0,7
5,45,0,31,0,45,116,20,2,2,3,4,2,7,1,7
5,46,0,27,0,45,117,19,2,2,4,3,4,7,1,7
5,47,0,21,0,45,121,14,2,2,3,4,5,6,1,7
5,48,0,20,0,45,122,14,2,3,4,4,5,7,2,7
5,49,0,18,0,45,123,16,2,3,3,4,4,7,2,7
5,50,0,15,0,44,124,18,4,2,1,4,1,3,3,7
5,51,0,13,0,44,123,22,3,3,2,2,1,5,0,7
5,52,0,7,0,46,117,24,4,3,3,2,2,3,0,6
5,53,0,6,0,43,98,26,4,4,4,3,0,4,0,6
6,0,0,17,0,35,96,16,5,5,2,3,3,3,2,7
6,1,0,47,0,45,74,15,6,6,3,2,5,1,2,7
6,2,0,53,0,45,67,16,6,5,3,3,4,0,6,7
6,3,0,55,0,46,70,17,6,3,3,3,3,2,7,4
6,4,0,60,0,46,67,23,3,4,3,3,4,3,6,5
6,5,0,62,0,46,58,24,4,4,2,3,4,4,6,4
6,6,0,62,0,46,42,25,5,6,3,2,2,5,6,4
6,7,0,62,0,46,35,26,5,6,3,1,2,4,5,4
6,8,0,62,0,46,31,27,5,6,3,1,1,4,5,4
6,9,0,62,0,45,31,28,6,6,4,1,0,4,5,3
6,10,0,60,0,46,39,29,6,6,4,1,0,4,5,3
6,11,0,50,0,45,104,21,4,2,1,4,2,5,3,4
6,12,0,49,0,46,98,23,5,1,2,2,2,6,2,5
6,13,0,49,0,46,102,22,4,1,3,2,3,5,1,6
6,14,0,46,0,46,110,19,4,1,4,3,4,5,2,6
6,15,0,44,0,47,114,16,3,2,3,4,4,2,4,7
6,16,0,38,0,47,117,12,4,2,3,5,0,4,6,6
6,17,0,28,0,49,120,8,5,4,3,5,0,6,6,5
6,18,0,54,0,45,82,17,3,6,2,3,1,2,6,7
6,19,0,61,0,45,70,19,2,6,3,4,1,1,5,7
6,20,0,61,0,46,71,19,2,6,3,4,1,1,6,7
6,21,0,62,0,47,70,19,2,6,3,4,1,1,6,7
6,22,0,62,0,46,68,20,2,6,4,3,1,1,5,7
6,23,0,60,0,46,69,21,2,7,4,3,1,1,5,7
6,24,0,58,0,46,74,21,1,6,4,3,1,1,4,7
6,25,0,58,0,46,78,22,1,6,4,4,1,1,4,7
6,26,0,56,0,46,83,21,1,6,3,3,1,1,5,7
6,27,0,56,0,46,86,20,1,6,3,3,1,2,5,7
6,28,0,55,0,46,87,19,1,6,3,2,1,3,6,7
6,29,0,52,0,46,90,19,1,6,2,1,2,4,6,7
6,30,0,52,0,47,87,21,0,6,3,1,2,4,6,7
6,31,0,52,0,47,88,22,0,5,3,2,1,4,6,7
6,32,0,52,0,47,86,26,0,4,3,4,2,4,5,7
6,33,0,47,0,47,87,27,1,4,3,4,1,3,7,7
6,34,0,37,0,48,105,24,0,6,2,3,1,5,6,6
6,35,0,41,0,49,83,31,0,5,4,3,2,5,5,5
6,36,0,37,0,49,87,31,0,3,4,4,2,5,3,6
6,37,0,38,0,47,86,31,0,5,3,4,1,5,6,6
6,38,0,50,0,45,84,26,1,4,3,3,1,3,6,7
6,39,0,61,0,45,65,28,1,4,3,3,1,2,6,7
6,40,0,61,0,46,56,26,2,6,5,3,1,3,6,7
6,41,0,60,0,46,64,23,2,6,5,3,1,4,5,6
6,42,0,60,0,46,63,23,2,6,6,3,1,3,4,5
6,43,0,59,0,46,62,22,1,7,6,3,0,4,4,5
6,44,0,57,0,46,65,22,1,7,6,2,1,4,4,4
6,45,0,55,0,46,69,22,1,7,6,2,1,4,4,4
6,46,0,55,0,46,70,22,1,6,6,2,1,4,3,4
6,47,0,53,0,46,73,20,2,7,6,2,2,3,2,5
6,48,0,53,0,46,75,21,2,7,6,2,2,3,2,5
6,49,0,50,0,46,81,20,2,7,6,2,2,3,2,6
6,50,0,48,0,46,83,20,3,7,6,2,2,2,1,6
6,51,0,46,0,47,87,20,3,6,6,2,2,3,1,6
6,52,0,43,0,47,92,19,4,5,6,2,1,3,1,5
6,53,0,41,0,46,101,20,3,4,5,3,1,3,0,6
6,54,0,38,0,46,110,20,3,3,4,3,3,3,0,7
6,55,0,35,0,46,114,18,3,2,4,3,3,4,1,7
6,56,0,37,0,45,102,23,3,2,3,2,3,5,0,7
6,57,0,25,0,46,120,13,3,3,4,3,4,5,3,7
6,58,0,20,0,47,123,15,2,2,4,4,4,4,2,7
6,59,0,14,0,45,126,18,2,2,2,3,3,6,1,7
6,60,0,9,0,46,125,21,2,3,2,3,1,4,0,6
6,61,0,6,0,46,122,22,3,4,1,4,2,3,1,6
7,0,0,3,0,47,118,19,0,4,3,5,2,6,2,5
7,1,0,33,0,47,97,19,2,6,4,2,0,3,5,6
7,2,0,44,0,47,86,20,2,6,4,3,0,3,6,7
7,3,0,54,0,46,68,15,4,6,3,2,2,5,5,4
7,4,0,57,0,46,62,13,4,5,2,3,2,7,5,4
7,5,0,56,0,46,59,12,4,5,2,2,3,6,4,4
7,6,0,56,0,46,57,13,4,5,4,2,3,6,5,4
7,7,0,57,0,46,55,15,3,4,4,2,3,5,7,3
7,8,0,60,0,45,52,16,3,4,4,3,2,5,6,5
7,9,0,60,0,45,52,16,3,4,4,3,1,4,6,5
7,10,0,60,0,45,53,16,3,5,4,3,1,4,6,5
7,11,0,58,0,45,55,17,3,5,4,3,1,4,6,6
7,12,0,51,0,46,60,17,4,6,3,4,2,5,3,7
7,13,0,36,0,47,81,20,4,6,4,5,2,7,0,5
7,14,0,33,0,46,76,30,3,5,3,6,1,7,2,2
7,15,0,30,0,47,35,31,5,7,3,6,2,5,5,3
7,16,0,6,0,0,5,29,3,5,4,6,2,5,4,3
7,17,0,4,0,0,0,30,3,4,3,6,3,3,4,4
7,18,0,1,0,0,46,31,4,4,3,6,2,5,2,3
7,19,1,0,0,0,0,0,0,0,0,0,0,0,0,0
7,20,1,0,0,0,0,0,0,0,0,0,0,0,0,0
7,21,1,0,0,0,0,0,0,0,0,0,0,0,0,0
7,22,1,0,0,0,0,0,0,0,0,0,0,0,0,0
7,23,1,0,0,0,0,0,0,0,0,0,0,0,0,0
7,24,0,1,0,0,36,26,4,6,4,5,2,5,1,4
7,25,0,3,0,0,9,26,3,5,4,6,2,6,3,3
7,26,0,2,0,0,5,31,6,6,3,5,1,4,3,4
7,27,0,3,0,0,0,30,5,5,4,6,2,4,4,4
7,28,0,6,0,0,0,30,4,6,4,5,2,2,4,5
7,29,0,7,0,0,55,26,2,5,4,4,0,2,3,4
7,30,0,53,0,45,67,26,2,4,4,4,0,2,5,6
7,31,0,55,0,47,54,26,2,5,5,4,1,2,6,6
7,32,0,54,0,47,54,25,1,6,6,4,0,3,6,5
7,33,0,53,0,47,56,24,1,6,6,4,0,3,6,4
7,34,0,53,0,47,59,24,1,6,6,4,1,3,5,4
7,35,0,52,0,47,60,24,1,6,6,3,1,3,4,4
7,36,0,50,0,47,64,24,1,6,6,3,1,3,4,4
7,37,0,48,0,47,69,23,1,6,6,3,1,3,3,4
7,38,0,47,0,47,71,23,2,6,6,3,1,3,2,4
7,39,0,46,0,47,73,23,2,6,6,3,1,3,2,4
7,40,0,42,0,47,79,21,2,7,6,2,2,3,2,5
7,41,0,42,0,47,81,22,2,6,6,2,2,3,1,5
7,42,0,40,0,47,86,22,2,6,5,2,2,3,1,5
7,43,0,38,0,47,94,21,2,6,4,3,2,3,1,5
7,44,0,35,0,47,97,22,2,5,5,2,2,3,1,6
7,45,0,31,0,47,109,19,3,3,4,3,2,4,1,7
7,46,0,26,0,46,116,17,3,2,4,3,3,5,1,7
7,47,0,21,0,46,119,14,2,3,4,3,4,6,2,7
7,48,0,17,0,45,121,13,2,3,4,4,4,7,1,7
7,49,0,16,0,45,122,15,2,3,4,4,3,7,2,7
7,50,0,13,0,44,124,13,2,3,4,5,4,6,2,6
7,51,0,12,0,44,124,18,2,2,3,3,4,6,0,7
7,52,0,10,0,43,124,20,2,2,3,2,3,6,1,7
7,53,0,6,0,44,124,21,2,3,3,3,0,5,1,6
7,54,0,4,0,43,120,24,3,3,3,3,0,4,2,5
8,0,0,5,0,0,44,12,2,7,3,5,2,4,1,5
8,1,0,3,0,0,45,19,1,7,5,4,1,4,2,3
8,2,0,9,0,0,50,23,4,6,3,6,1,2,4,5
8,3,0,62,0,43,47,24,3,5,3,4,2,1,3,7
8,4,0,61,0,45,53,25,3,4,2,4,3,3,5,7
8,5,0,61,0,46,46,28,4,4,4,4,3,3,4,6
8,6,0,48,0,46,91,23,5,2,2,4,2,3,2,5
8,7,0,50,0,45,88,24,5,3,2,4,2,3,1,3
8,8,0,49,0,45,90,23,5,2,2,4,2,3,1,3
8,9,0,46,0,45,98,22,4,2,1,4,1,4,2,4
8,10,0,45,0,45,102,21,4,2,2,5,2,5,1,5
8,11,0,41,0,46,110,18,3,2,2,6,2,4,2,5
8,12,0,38,0,46,114,16,3,2,3,7,2,4,3,4
8,13,0,28,0,47,116,11,4,2,6,6,0,5,3,5
8,14,0,32,0,47,96,13,6,2,5,2,0,6,5,7
8,15,0,42,0,45,88,14,6,1,5,2,1,4,5,7
8,16,0,51,0,46,71,16,6,3,4,3,2,2,6,7
8,17,0,53,0,46,71,15,5,3,3,3,3,2,7,4
8,18,0,57,0,46,63,17,4,4,3,4,2,2,7,5
8,19,0,55,0,46,66,15,4,4,1,5,1,6,6,4
8,20,0,55,0,46,68,15,4,3,2,4,4,4,6,4
8,21,0,54,0,47,68,16,5,3,2,4,4,4,6,3
8,22,0,51,0,47,74,16,5,3,1,5,4,4,5,5
8,23,0,55,0,48,62,26,3,4,3,2,3,4,5,4
8,24,0,25,0,50,113,16,3,3,2,4,5,6,2,1
8,25,0,17,0,50,112,18,3,4,3,5,4,6,2,2
8,26,0,11,0,0,4,25,6,4,3,5,1,4,3,3
8,27,0,15,0,0,0,16,6,7,3,5,0,3,2,7
8,28,0,12,0,0,0,16,3,6,6,7,3,2,0,5
8,29,0,6,0,0,5,22,3,7,5,4,0,1,0,5
8,30,0,49,0,45,57,25,5,6,1,1,2,2,5,7
8,31,0,51,0,45,64,26,5,5,1,2,3,2,5,7
8,32,0,52,0,46,69,26,4,4,1,3,3,2,4,7
8,33,0,52,0,46,75,26,3,3,2,3,4,2,3,6
8,34,0,49,0,47,84,22,3,3,4,3,2,2,5,7
8,35,0,43,0,47,85,23,3,4,4,3,1,1,7,7
8,36,0,48,0,46,76,24,3,4,4,5,0,0,7,6
8,37,0,51,0,46,76,23,3,4,4,4,0,1,5,7
8,38,0,53,0,46,68,23,3,4,4,4,0,1,5,7
8,39,0,59,0,46,61,22,3,4,3,3,1,3,7,5
8,40,0,58,0,47,66,22,4,4,1,4,2,4,5,5
8,41,0,56,0,47,65,22,4,3,1,3,3,5,5,5
8,42,0,55,0,47,63,23,5,3,1,3,3,5,5,4
8,43,0,54,0,46,59,24,6,4,1,2,2,5,5,4
8,44,0,57,0,47,48,26,5,6,1,1,1,4,6,6
8,45,0,46,0,48,71,27,4,4,0,2,3,6,6,4
8,46,0,21,0,0,8,30,7,7,4,4,0,1,0,7
8,47,0,23,0,0,0,22,6,7,6,5,1,2,0,6
8,48,0,21,0,0,0,16,4,7,5,5,1,1,0,3
8,49,0,19,0,0,0,14,3,7,5,7,0,3,0,3
8,50,0,19,0,0,0,16,1,4,5,6,4,4,0,4
8,51,0,6,0,0,0,22,4,6,5,4,3,2,1,7
8,52,0,55,0,46,40,27,4,4,4,3,2,2,3,5
8,53,0,58,0,46,50,28,3,4,5,4,2,3,5,5
8,54,0,57,0,46,54,26,3,5,5,3,1,4,5,5
8,55,0,56,0,46,60,25,3,6,5,3,1,4,3,4
8,56,0,54,0,46,68,24,3,7,4,3,1,4,2,5
8,57,0,50,0,46,79,23,3,7,2,4,1,3,1,7
8,58,0,43,0,46,92,22,5,3,4,2,2,3,0,7
8,59,0,40,0,46,98,22,4,2,4,1,3,2,3,7
8,60,0,39,0,46,102,22,4,2,4,1,3,3,3,7
8,61,0,37,0,46,105,22,3,1,4,2,4,4,3,7
8,62,0,33,0,46,111,19,3,1,4,3,4,5,2,7
8,63,0,23,0,47,118,12,2,2,5,4,6,4,1,7
8,64,0,12,0,48,125,13,1,4,3,7,4,6,1,5
8,65,0,21,0,48,53,31,4,2,1,5,1,3,3,4
8,66,0,3,0,0,0,31,6,4,1,6,1,2,2,5
8,67,0,4,0,0,0,31,7,5,3,5,3,2,1,6
8,68,0,3,0,0,0,31,5,6,4,7,0,5,4,4
8,69,0,2,0,0,25,31,3,4,4,4,1,5,1,3
9,0,0,16,0,1,34,23,4,2,4,6,2,3,1,5
9,1,0,51,0,1,22,20,5,1,5,4,2,3,2,5
9,2,0,55,0,1,19,19,3,2,2,2,3,3,3,7
9,3,0,53,0,1,10,18,3,2,4,3,3,2,3,6
9,4,0,48,0,1,23,25,5,5,3,3,0,2,2,2
9,5,0,40,0,4,11,22,4,5,3,5,1,3,3,5
9,6,0,12,0,0,9,21,5,4,2,5,1,3,3,3
9,7,0,4,0,0,19,24,4,3,3,5,2,3,3,3
9,8,0,45,0,3,37,26,4,4,4,2,2,2,1,3
9,9,0,53,0,1,16,20,3,2,3,4,1,2,5,5
9,10,0,54,0,1,12,21,2,3,4,4,2,1,4,4
9,11,0,37,0,3,22,27,5,5,4,3,0,2,2,3
9,12,0,7,0,0,12,22,5,5,3,5,2,1,4,3
9,13,1,0,0,0,0,0,0,0,0,0,0,0,0,0
9,14,0,37,0,3,13,20,4,1,4,4,3,4,3,4
9,15,0,54,0,3,1,17,4,2,3,4,3,3,4,4
9,16,0,52,0,2,0,17,3,2,4,5,1,3,4,2
9,17,0,36,0,6,24,26,5,5,4,4,1,2,1,1
9,18,0,10,0,0,12,23,4,5,4,5,1,2,5,4
9,19,0,1,0,0,27,24,3,5,5,4,2,4,2,2
9,20,1,0,0,0,0,0,0,0,0,0,0,0,0,0
9,21,0,36,0,5,3,20,4,2,4,5,3,4,2,3
9,22,0,49,0,5,0,21,4,1,3,4,2,4,3,4
9,23,0,50,0,4,7,22,2,2,4,4,2,3,5,3
9,24,0,38,0,10,17,25,4,5,6,4,1,3,1,2
9,25,0,14,0,0,3,23,4,6,4,5,1,2,4,6
9,26,0,3,0,0,19,26,3,4,4,5,2,4,3,3
9,27,1,0,0,0,0,0,0,0,0,0,0,0,0,0
9,28,1,0,0,0,0,0,0,0,0,0,0,0,0,0
9,29,0,32,0,8,6,22,3,2,4,4,3,4,2,3
9,30,0,49,0,8,0,21,5,2,4,4,3,4,2,4
9,31,0,49,0,8,0,21,4,2,4,4,1,4,3,4
9,32,0,40,0,12,13,26,4,4,6,4,2,3,1,2
9,33,0,30,0,14,14,28,6,5,4,4,2,2,3,3
9,34,0,8,0,14,29,26,4,4,5,5,2,3,3,2
9,35,1,0,0,0,0,0,0,0,0,0,0,0,0,0
9,36,1,0,0,0,0,0,0,0,0,0,0,0,0,0
9,37,0,38,0,12,18,24,2,2,5,5,3,3,1,4
9,38,0,49,0,12,18,24,2,2,5,5,2,3,2,4
9,39,0,49,0,10,12,23,3,2,4,4,1,4,2,5
9,40,0,47,0,13,6,25,4,2,5,5,3,3,2,3
9,41,0,25,0,13,26,28,5,5,7,3,0,2,2,3
9,42,0,7,0,15,14,26,5,4,6,4,1,3,3,4
9,43,1,0,0,0,0,0,0,0,0,0,0,0,0,0
9,44,0,2,0,0,36,24,4,2,6,4,2,2,2,4
9,45,0,42,0,14,15,22,4,1,5,5,4,3,2,3
9,46,0,48,0,13,17,23,4,1,5,5,3,1,3,4
9,47,0,46,0,14,11,23,5,3,6,4,3,2,3,2
9,48,0,26,0,17,7,26,6,4,5,5,2,1,3,4
9,49,1,0,0,0,0,0,0,0,0,0,0,0,0,0
9,50,1,0,0,0,0,0,0,0,0,0,0,0,0,0
9,51,0,3,0,0,39,20,4,3,6,3,2,3,1,4
9,52,0,37,0,20,13,19,5,1,5,4,4,3,2,4
9,53,0,44,0,20,15,19,5,1,5,4,3,3,2,3
9,54,0,47,0,16,14,20,5,2,5,5,3,2,2,4
9,55,0,24,0,22,36,25,5,4,6,3,1,2,2,5
9,56,1,0,0,0,0,0,0,0,0,0,0,0,0,0
9,57,1,0,0,0,0,0,0,0,0,0,0,0,0,0
9,58,1,0,0,0,0,0,0,0,0,0,0,0,0,0
9,59,0,7,0,0,22,22,5,2,5,5,3,3,1,4
9,60,0,40,0,9,16,21,5,1,5,5,4,3,1,4
9,61,0,30,0,20,32,26,5,3,6,4,2,2,1,4
9,62,0,4,0,0,4,23,5,3,4,5,4,1,3,6
9,63,1,0,0,0,0,0,0,0,0,0,0,0,0,0
9,64,1,0,0,0,0,0,0,0,0,0,0,0,0,0
9,65,0,1,0,0,63,15,4,6,5,2,1,4,1,5
9,66,0,31,0,24,20,23,5,2,6,5,3,3,1,4
9,67,0,34,0,24,20,24,6,2,6,5,2,3,1,4
9,68,0,2,0,0,18,25,5,3,6,4,3,2,3,4
10,0,0,13,0,46,85,21,3,7,3,4,2,3,1,5
10,1,0,47,0,44,81,25,1,5,1,4,3,1,2,7
10,2,0,55,0,46,75,25,1,5,3,3,2,1,3,7
10,3,0,50,0,46,90,18,1,6,2,3,2,2,6,7
10,4,0,48,0,46,90,15,3,5,1,5,0,3,7,6
10,5,0,56,0,46,74,23,2,5,3,4,2,0,4,7
10,6,0,58,0,46,66,25,2,5,3,4,2,0,3,7
10,7,0,56,0,47,70,24,2,5,3,3,1,1,4,7
10,8,0,56,0,47,68,24,2,5,3,4,2,1,5,7
10,9,0,57,0,47,67,25,3,5,2,4,2,1,4,7
10,10,0,58,0,47,60,26,3,4,2,3,2,2,4,7
10,11,0,58,0,46,61,27,3,4,2,2,1,2,5,7
10,12,0,59,0,48,57,28,4,3,3,2,1,3,4,7
10,13,0,31,0,47,111,20,3,4,1,2,3,6,5,3
10,14,0,26,0,48,118,19,2,3,3,4,4,4,6,3
10,15,0,16,0,49,122,12,2,3,4,6,3,4,4,2
10,16,0,9,0,48,124,11,2,4,4,6,4,5,3,1
10,17,0,6,0,47,126,15,1,4,4,5,3,5,2,3
10,18,0,7,0,45,116,21,4,6,1,4,1,3,2,6
10,19,0,18,0,44,50,27,5,5,1,3,3,4,0,5
10,20,0,11,0,36,115,24,0,1,2,6,3,5,4,5
10,21,0,18,0,40,106,26,0,1,4,5,1,5,6,5
10,22,0,17,0,41,118,14,2,6,0,4,1,7,4,3
10,23,0,22,0,42,117,14,3,6,0,4,1,7,4,4
10,24,0,29,0,46,110,18,1,7,2,3,0,6,4,6
10,25,0,38,0,46,101,18,2,6,4,2,1,4,5,7
10,26,0,49,0,45,76,21,2,5,5,3,0,2,6,7
10,27,0,61,0,46,61,20,2,5,5,3,0,3,6,7
10,28,0,62,0,46,56,19,2,4,5,4,0,3,6,7
10,29,0,62,0,46,54,20,1,4,5,4,0,2,5,7
10,30,0,62,0,46,54,19,2,4,5,4,0,2,5,7
10,31,0,62,0,46,54,19,2,4,4,5,0,2,6,7
10,32,0,61,0,46,53,19,2,4,4,5,1,1,6,7
10,33,0,60,0,46,56,18,3,5,4,4,0,2,6,7
10,34,0,57,0,46,57,19,4,4,3,6,0,1,6,7
10,35,0,56,0,47,55,23,3,6,2,5,2,0,6,7
10,36,0,39,0,48,78,21,4,6,2,5,1,2,7,7
10,37,0,17,0,48,101,21,3,6,2,7,1,4,6,3
10,38,0,9,0,47,76,20,4,4,2,7,1,4,6,6
10,39,0,5,0,47,94,18,3,6,2,7,2,5,6,4
10,40,1,0,0,0,0,0,0,0,0,0,0,0,0,0
10,41,1,0,0,0,0,0,0,0,0,0,0,0,0,0
10,42,1,0,0,0,0,0,0,0,0,0,0,0,0,0
10,43,1,0,0,0,0,0,0,0,0,0,0,0,0,0
10,44,0,3,0,0,46,11,2,7,3,6,2,4,1,6
10,45,0,2,0,0,55,18,4,7,4,6,0,4,0,5
11,0,0,4,0,0,0,19,4,6,5,6,2,4,3,4
11,1,0,3,0,0,7,29,6,5,1,6,1,4,2,3
11,2,0,4,0,0,0,23,7,7,3,4,0,3,5,4
11,3,0,3,0,0,42,31,6,5,1,2,0,5,4,2
11,4,0,48,0,41,55,31,5,3,1,2,1,6,6,2
11,5,0,46,0,45,74,26,5,2,0,1,3,7,3,4
11,6,0,52,0,46,59,29,5,3,1,1,2,6,6,4
11,7,0,52,0,46,51,30,6,4,1,1,1,6,7,4
11,8,0,51,0,46,49,29,6,4,1,0,0,5,7,5
11,9,0,52,0,46,49,27,6,5,0,0,1,5,6,6
11,10,0,50,0,46,54,25,7,5,0,1,1,3,7,6
11,11,0,39,0,46,96,22,4,3,0,3,3,3,6,6
11,12,0,20,0,53,113,22,3,1,1,4,5,5,6,4
11,13,0,7,0,50,107,24,5,1,0,4,4,6,6,4
11,14,0,5,0,51,102,23,4,2,0,4,3,5,3,6
11,15,1,0,0,0,0,0,0,0,0,0,0,0,0,0
11,16,0,1,0,0,81,27,3,4,1,4,2,3,2,4
11,17,0,5,0,0,56,18,3,5,4,5,3,3,0,4
11,18,0,3,0,0,59,10,1,7,5,7,2,5,3,7
11,19,0,1,0,0,85,23,3,7,4,7,2,3,0,5
11,20,1,0,0,0,0,0,0,0,0,0,0,0,0,0
11,21,1,0,0,0,0,0,0,0,0,0,0,0,0,0
11,22,1,0,0,0,0,0,0,0,0,0,0,0,0,0
11,23,0,2,0,0,68,16,0,6,2,6,2,4,0,7
11,24,0,1,0,0,77,14,1,7,2,5,1,4,3,4
11,25,0,2,0,0,77,17,1,6,2,5,0,5,0,6
11,26,0,6,0,37,75,15,1,6,5,5,2,5,3,6
11,27,0,37,0,27,82,15,1,7,5,4,2,1,4,6
11,28,0,51,0,42,72,16,1,6,5,5,2,0,3,7
11,29,0,56,0,45,65,16,1,5,4,6,2,0,4,7
11,30,0,59,0,46,58,17,2,5,4,6,2,0,3,7
11,31,0,59,0,46,56,17,2,4,4,6,2,1,4,7
11,32,0,60,0,46,53,17,3,4,4,5,2,1,5,7
11,33,0,61,0,46,52,18,3,4,3,5,1,1,5,7
11,34,0,58,0,46,52,19,4,3,3,4,1,2,6,7
11,35,0,56,0,47,53,20,5,3,2,4,2,3,6,5
11,36,0,55,0,47,52,21,5,3,2,3,3,4,6,5
11,37,0,55,0,47,51,23,5,4,1,2,2,4,6,5
11,38,0,56,0,47,53,22,5,4,1,2,2,4,6,5
11,39,0,56,0,46,54,22,5,3,2,2,3,4,6,4
11,40,0,55,0,46,55,23,5,3,2,2,2,4,6,4
11,41,0,56,0,46,56,23,4,3,2,2,2,4,6,5
11,42,0,57,0,46,55,23,4,4,2,2,1,4,6,6
11,43,0,50,0,46,65,22,3,4,1,2,2,5,6,5
11,44,0,34,0,46,78,24,1,3,2,3,3,5,7,4
11,45,0,14,0,48,85,23,3,2,2,6,3,6,7,3
11,46,0,6,0,46,73,23,3,4,1,4,2,6,7,5
11,47,0,21,0,45,18,25,4,5,4,4,2,5,2,3
11,48,0,18,0,45,0,25,6,7,5,4,2,3,1,4
12,0,0,6,0,0,10,22,4,5,3,5,3,5,3,3
12,1,0,4,0,0,2,26,6,5,2,5,2,5,2,3
12,2,0,6,0,0,0,26,7,7,3,4,0,3,4,3
12,3,0,46,0,41,33,29,7,4,2,1,0,5,5,4
12,4,0,53,0,44,44,29,7,3,2,0,1,6,6,4
12,5,0,56,0,45,48,29,6,3,2,0,2,6,6,4
12,6,0,55,0,45,51,29,6,3,1,0,2,6,6,4
12,7,0,54,0,45,65,28,5,2,1,1,3,7,5,3
12,8,0,53,0,46,69,28,5,3,0,1,3,7,6,4
12,9,0,53,0,46,70,25,6,3,0,2,3,4,6,6
12,10,0,27,0,54,117,19,3,1,2,6,5,3,3,4
12,11,0,15,0,51,118,21,3,1,0,5,6,6,5,4
12,12,0,7,0,50,106,23,4,2,0,4,4,5,4,6
12,13,1,0,0,0,0,0,0,0,0,0,0,0,0,0
12,14,1,0,0,0,0,0,0,0,0,0,0,0,0,0
12,15,0,8,0,0,51,26,5,7,0,1,2,3,4,3
12,16,0,47,0,44,75,28,4,4,0,1,3,5,5,4
12,17,0,53,0,45,69,25,6,3,0,1,3,5,6,5
12,18,0,54,0,45,61,23,7,3,0,2,2,3,7,5
12,19,0,58,0,46,69,22,5,3,1,3,2,3,7,6
12,20,0,55,0,46,76,20,5,2,2,4,1,2,7,6
12,21,0,56,0,46,72,17,4,5,3,4,1,1,6,7
12,22,0,56,0,47,74,16,4,4,3,5,1,1,7,7
12,23,0,55,0,47,74,15,5,5,3,5,1,1,7,7
12,24,0,53,0,47,76,14,5,4,3,5,0,1,7,7
12,25,0,53,0,47,76,14,5,4,3,5,1,1,7,7
12,26,0,51,0,47,77,13,5,4,3,4,1,1,7,7
12,27,0,48,0,47,79,12,6,4,4,4,0,1,7,7
12,28,0,46,0,47,85,12,6,4,4,4,0,2,7,7
12,29,0,40,0,48,95,8,6,4,3,3,0,3,7,6
12,30,0,33,0,48,99,5,7,5,2,3,0,6,7,3
12,31,0,30,0,47,102,4,7,6,2,4,0,6,7,4
12,32,0,35,0,47,99,5,6,7,1,3,1,5,6,5
12,33,0,43,0,46,92,7,6,5,2,3,0,4,7,5
12,34,0,55,0,46,73,14,4,7,3,4,1,1,7,7
12,35,0,60,0,46,70,18,4,5,2,4,2,2,7,7
12,36,0,58,0,46,66,18,5,2,3,5,1,4,7,4
12,37,0,60,0,46,63,20,5,3,1,5,1,4,7,4
12,38,0,58,0,46,66,19,5,2,2,5,2,5,6,3
12,39,0,59,0,46,65,20,5,2,2,4,2,5,6,3
12,40,0,59,0,46,63,20,5,2,2,4,3,4,6,3
12,41,0,58,0,46,65,21,5,2,1,4,3,4,6,4
12,42,0,58,0,46,67,21,5,2,1,4,4,5,5,5
12,43,0,57,0,46,68,20,5,1,2,4,3,5,5,3
12,44,0,59,0,46,64,20,5,2,1,4,3,5,5,4
12,45,0,59,0,46,60,21,6,1,2,3,3,5,5,4
12,46,0,58,0,46,63,21,5,2,0,3,2,5,6,4
12,47,0,49,0,46,71,22,3,2,1,4,4,5,6,4
12,48,0,29,0,42,89,16,2,2,2,7,5,5,4,2
12,49,0,11,0,42,81,20,3,3,1,6,5,6,4,3
13,0,0,6,0,39,123,15,1,4,2,5,3,5,4,6
13,1,0,30,0,46,102,23,3,4,2,4,2,2,4,6
13,2,0,57,0,47,69,26,2,4,1,4,2,2,5,7
13,3,0,62,0,47,55,28,2,4,2,3,2,3,4,7
13,4,0,62,0,46,70,23,1,4,2,3,3,4,5,7
13,5,0,60,0,46,75,19,2,5,1,4,3,4,6,5
13,6,0,57,0,46,76,18,3,4,1,4,3,3,7,5
13,7,0,56,0,46,77,17,5,2,2,4,3,3,7,3
13,8,0,55,0,46,71,19,5,3,2,2,3,2,7,7
13,9,0,52,0,46,72,19,6,3,3,2,3,1,7,6
13,10,0,54,0,46,71,20,6,2,2,3,3,1,7,7
13,11,0,56,0,46,72,21,6,2,2,3,2,2,7,6
13,12,0,58,0,46,67,23,5,3,1,1,3,2,7,6
13,13,0,61,0,46,62,24,5,4,0,1,2,4,7,6
13,14,0,62,0,46,57,26,4,5,0,1,2,5,7,6
13,15,0,62,0,46,47,28,4,6,1,1,1,5,7,6
13,16,0,59,0,46,40,28,5,7,1,0,1,4,6,6
13,17,0,59,0,46,47,27,5,6,0,1,2,4,6,6
13,18,0,58,0,47,50,25,6,6,0,2,2,4,7,5
13,19,0,50,0,48,61,25,7,4,0,4,3,5,6,3
13,20,0,28,0,50,118,18,2,2,0,7,5,2,1,3
13,21,0,21,0,51,121,14,2,1,2,7,3,2,3,3
13,22,0,12,0,51,123,11,1,3,2,7,4,3,1,4
13,23,0,27,0,52,68,26,5,7,3,3,1,4,0,4
13,24,0,30,0,40,93,21,4,4,0,5,1,5,5,5
13,25,0,56,0,45,78,24,3,4,0,5,2,2,6,7
13,26,0,58,0,46,81,21,2,4,0,5,1,1,7,7
13,27,0,56,0,46,78,20,3,5,1,4,0,2,7,6
13,28,0,50,0,46,88,15,5,4,1,5,0,6,6,3
13,29,0,52,0,46,83,17,5,4,1,4,0,6,7,2
13,30,0,53,0,46,82,17,5,4,1,4,0,4,7,4
13,31,0,57,0,46,76,22,3,5,1,4,1,2,7,6
13,32,0,60,0,46,65,26,2,5,2,3,1,2,6,7
13,33,0,62,0,46,56,28,2,5,2,3,2,1,5,7
13,34,0,62,0,46,57,28,2,5,1,2,2,2,5,7
13,35,0,62,0,47,57,28,3,4,1,2,2,2,5,7
13,36,0,62,0,47,57,29,3,4,2,2,1,3,6,7
13,37,0,35,0,47,114,20,1,3,1,4,3,5,6,4
13,38,0,29,0,47,120,18,0,3,3,5,3,4,4,3
13,39,0,34,0,48,96,28,3,1,3,3,3,5,3,4
13,40,0,37,0,48,52,31,5,4,2,4,0,6,4,4
13,41,0,28,0,48,111,25,3,4,1,3,3,6,6,4
13,42,0,26,0,48,110,24,4,6,1,2,3,3,1,3
13,43,0,18,0,48,108,24,4,5,2,4,1,5,0,4
13,44,0,9,0,48,81,24,3,7,2,4,4,5,3,3
14,0,0,9,0,0,42,20,5,7,2,3,1,1,3,6
14,1,0,48,0,40,67,25,5,5,0,1,3,4,7,6
14,2,0,55,0,46,58,28,5,6,0,1,2,5,6,5
14,3,0,57,0,46,52,28,5,5,1,1,1,5,6,5
14,4,0,55,0,46,50,31,5,5,1,1,1,5,7,5
14,5,0,54,0,46,59,30,4,4,0,1,2,6,6,4
14,6,0,52,0,46,67,30,3,3,0,1,3,6,5,3
14,7,0,51,0,46,79,26,4,3,0,2,5,6,4,4
14,8,0,49,0,46,79,28,2,3,0,2,5,7,4,3
14,9,0,48,0,45,81,28,2,3,0,2,6,7,3,3
14,10,0,47,0,45,80,28,2,3,0,2,7,6,3,4
14,11,0,44,0,45,98,22,2,2,0,6,6,4,3,5
14,12,0,48,0,45,78,26,5,2,0,3,5,6,5,4
14,13,0,50,0,46,47,28,6,7,0,1,1,5,6,6
14,14,0,26,0,47,95,27,5,3,0,6,4,6,2,4
14,15,0,11,0,52,80,29,6,5,0,3,3,5,6,4
14,16,0,5,0,43,88,26,5,2,0,5,3,4,3,5
14,17,1,0,0,0,0,0,0,0,0,0,0,0,0,0
14,18,1,0,0,0,0,0,0,0,0,0,0,0,0,0
14,19,1,0,0,0,0,0,0,0,0,0,0,0,0,0
14,20,0,7,0,0,12,24,5,7,1,3,2,5,2,3
14,21,0,7,0,0,3,21,4,7,4,4,2,4,3,2
14,22,0,11,0,0,32,24,6,7,2,4,1,4,4,4
14,23,0,61,0,44,39,23,6,6,1,2,1,3,6,6
14,24,0,62,0,45,30,22,5,6,3,2,2,2,4,7
14,25,0,62,0,46,38,23,5,5,2,2,2,2,5,7
14,26,0,62,0,46,38,23,5,5,2,2,3,1,4,7
14,27,0,62,0,46,39,23,4,5,2,2,3,1,3,7
14,28,0,62,0,46,39,23,4,5,3,2,3,1,2,7
14,29,0,62,0,46,45,23,4,5,3,2,3,1,2,7
14,30,0,55,0,46,58,22,4,4,3,2,4,0,4,7
14,31,0,40,0,48,80,18,5,4,3,3,4,2,7,6
14,32,0,24,0,47,111,21,5,3,2,6,4,3,1,5
14,33,0,14,0,47,101,20,3,5,3,5,5,5,3,7
14,34,0,6,0,46,82,24,3,5,1,4,3,4,2,7
14,35,0,11,0,46,43,30,4,6,4,5,2,5,2,4
14,36,0,4,0,0,50,23,3,4,4,5,3,5,0,5
14,37,0,40,0,43,74,15,2,7,5,4,1,1,5,6
14,38,0,56,0,44,69,22,0,5,6,5,1,1,2,7
14,39,0,58,0,45,63,22,1,4,6,5,0,1,2,7
14,40,0,56,0,46,62,22,0,4,6,6,0,1,2,7
14,41,0,56,0,46,60,23,0,4,6,6,0,1,2,7
14,42,0,53,0,46,68,19,1,5,6,4,0,1,4,7
14,43,0,50,0,46,75,16,1,7,5,3,0,3,5,6
14,44,0,48,0,46,76,14,2,7,5,2,0,3,6,6
14,45,0,48,0,46,76,16,1,7,5,2,0,3,6,6
14,46,0,48,0,46,76,14,2,7,5,2,0,3,6,6
14,47,0,46,0,45,77,17,1,7,4,1,0,4,6,6
14,48,0,41,0,49,79,20,0,7,4,2,0,4,6,7
14,49,0,15,0,49,91,15,0,7,3,2,3,6,7,7
14,50,0,7,0,49,88,16,0,6,4,6,1,4,6,7
14,51,0,4,0,48,87,16,0,7,4,5,1,4,5,6
15,0,0,33,0,44,47,21,1,5,6,3,1,4,5,4
15,1,0,51,0,44,45,23,1,5,7,4,1,4,5,5
15,2,0,56,0,43,55,18,1,6,6,3,1,5,6,4
15,3,0,61,0,45,49,22,1,5,6,4,0,4,6,5
15,4,0,61,0,45,48,22,1,4,6,4,0,4,6,6
15,5,0,61,0,45,48,22,1,4,6,4,0,4,6,6
15,6,0,61,0,46,49,21,1,5,6,4,0,4,5,5
15,7,0,61,0,46,50,20,2,6,6,3,1,4,5,5
15,8,0,60,0,46,50,21,2,6,5,3,1,4,5,5
15,9,0,59,0,46,53,20,3,6,4,3,2,5,5,4
15,10,0,57,0,46,57,20,5,6,3,3,2,5,4,4
15,11,0,58,0,46,55,23,3,7,3,3,2,4,4,4
15,12,0,57,0,46,60,24,3,7,3,2,2,4,3,5
15,13,0,47,0,47,85,23,4,6,1,3,2,1,3,5
15,14,0,49,0,46,95,23,4,5,0,4,1,2,3,5
15,15,0,49,0,46,93,24,4,5,0,4,2,2,2,5
15,16,0,46,0,46,98,23,3,5,0,4,2,2,2,5
15,17,0,37,0,46,112,18,3,5,0,4,2,3,4,6
15,18,0,25,0,45,119,21,2,4,1,4,2,4,3,7
15,19,0,21,0,45,109,23,2,7,4,2,1,3,1,5
15,20,0,15,0,45,81,23,3,7,3,3,4,3,3,3
15,21,0,9,0,45,59,17,4,7,4,2,3,6,3,6
15,22,1,0,0,0,0,0,0,0,0,0,0,0,0,0
15,23,1,0,0,0,0,0,0,0,0,0,0,0,0,0
15,24,1,0,0,0,0,0,0,0,0,0,0,0,0,0
15,25,0,2,0,0,47,22,1,6,5,4,1,4,4,5
15,26,0,4,0,0,54,21,2,6,4,3,2,6,5,3
15,27,0,6,0,0,62,25,1,6,6,4,2,5,5,2
15,28,0,57,0,48,54,23,2,6,6,3,1,5,5,4
15,29,0,59,0,47,53,23,2,6,6,3,1,4,4,4
15,30,0,57,0,47,58,24,2,6,6,3,2,3,2,5
15,31,0,53,0,46,69,23,2,7,5,3,2,2,2,5
15,32,0,50,0,46,82,21,4,6,3,5,0,3,1,4
15,33,0,45,0,46,91,23,4,2,4,3,1,4,0,5
15,34,0,46,0,46,97,23,4,2,2,4,2,5,2,3
15,35,0,43,0,46,101,22,4,1,2,4,2,6,2,4
15,36,0,40,0,46,110,19,3,1,2,6,2,5,3,3
15,37,0,31,0,47,117,11,3,2,4,7,1,4,3,4
15,38,0,24,0,50,118,10,3,4,3,7,2,4,4,5
15,39,0,40,0,46,93,18,5,2,5,3,0,3,5,7
15,40,0,51,0,46,73,21,6,2,3,4,1,1,3,7
15,41,0,52,0,46,66,23,6,2,2,2,3,2,4,7
15,42,0,53,0,46,59,24,6,3,1,1,3,2,6,7
15,43,0,55,0,46,55,23,6,4,1,1,2,2,7,7
15,44,0,55,0,47,59,23,6,4,0,2,2,4,7,6
15,45,0,56,0,47,54,24,6,5,0,2,2,4,7,6
15,46,0,57,0,46,43,24,6,6,1,1,1,3,6,7
15,47,0,54,0,46,45,25,6,6,0,1,1,3,6,7
15,48,0,53,0,46,38,28,5,7,2,0,1,4,5,7
15,49,0,47,0,49,46,28,4,6,0,0,2,4,6,7
15,50,0,37,0,47,61,27,4,5,0,2,4,6,7,4
15,51,0,12,0,48,71,27,3,4,0,3,5,6,7,4
15,52,0,13,0,47,59,24,6,3,0,3,1,7,7,4
